{
  "id": "eventide-rp-system",
  "title": "Eventide Roleplaying System",
  "description": "The Eventide Roleplaying System system for FoundryVTT!",
  "authors": [
    {
      "name": "Miles Eventide",
      "discord": "@lunarrush"
    }
  ],
  "documentTypes": {
    "Actor": {
      "character": {
        "htmlFields": ["biography"]
      },
      "npc": {
        "htmlFields": ["biography"]
      }
    },
    "Item": {
      "feature": {
        "htmlFields": ["description"]
      },
      "gear": {
        "htmlFields": ["description"]
      },
      "spell": {
        "htmlFields": ["description"]
      },
      "status": {
        "htmlFields": ["description"]
      },
      "item": {
        "htmlFields": ["description"]
      }
    }
  },
  "flags": {
    "hotReload": {
      "extensions": ["css", "html", "hbs", "json"],
      "paths": ["css", "lang", "templates"]
    }
  },
  "url": "Replace this with a link to your public repository",
  "license": "LICENSE.txt",
  "readme": "README.md",
  "bugs": "Replace this with a link to file issues or tickets",
  "changelog": "CHANGELOG.md",
  "media": [
    {
      "type": "setup",
      "url": "systems/eventide-rp-system/assets/anvil-impact.png",
      "thumbnail": "systems/eventide-rp-system/assets/anvil-impact.png"
    }
  ],
  "version": "0.7.3",
  "compatibility": {
    "minimum": "12.328",
    "verified": "12.328"
  },
  "esmodules": ["module/eventide-rp-system.mjs"],
  "styles": ["css/eventide-rp-system.css"],
  "languages": [
    {
      "lang": "en",
      "name": "English",
      "path": "lang/en.json"
    }
  ],
  "packs": [
    {
      "name": "erps-macros",
      "label": "ERPS Macros",
      "type": "Macro"
    }
  ],
  "packFolders": [],
  "socket": false,
  "manifest": "Replace this with a link to the /latest release system.json so people can receive updates after they've installed the system",
  "download": "This must link to a .zip file of the current version",
  "background": "systems/eventide-rp-system/assets/anvil-impact.png",
  "grid": {
    "type": 1,
    "distance": 5,
    "units": "ft",
    "diagonals": 0
  },
  "primaryTokenAttribute": "resolve",
  "secondaryTokenAttribute": "power"
}
